Roll No,Name,Class,Section,Admission Date,Program
001,Rohit Sharma,M.Com,A,2023-07-15,M.Com
002,Mohit Kumar,M.Com,A,2023-08-05,M.Com
003,Livesh Garg,MCA,C,2023-07-18,MCA
004,Vishal Verma,MCA,C,2023-09-25,MCA
005,Gourav Singh,M.Com,C,2023-07-12,M.Com
006,Aman Gupta,MA,A,2023-07-05,MA
007,Ankit Sharma,MCA,A,2023-07-28,MCA
008,Arjun Kumar,M.Com,A,2023-09-16,M.Com
009,Rahul Verma,M.Com,C,2023-07-26,M.Com
010,Karan Singh,M.Com,C,2023-09-28,M.Com
011,Nikhil Jain,MA,B,2023-07-29,MA
012,Sahil Kumar,M.Com,A,2023-08-05,M.Com
013,Harsh Sharma,MCA,B,2023-09-28,MCA
014,Yash Gupta,MA,A,2023-08-05,MA
015,Akash Verma,MCA,A,2023-08-13,MCA
016,Deepak Singh,MCA,A,2023-08-18,MCA
017,Manish Kumar,MA,C,2023-08-14,MA
018,Abhishek Jain,MA,C,2023-07-06,MA
019,Sumit Sharma,MA,A,2023-09-07,MA
020,Varun Gupta,MA,C,2023-07-11,MA
021,Piyush Kumar,MA,C,2023-09-19,MA
022,Ravi Verma,MA,A,2023-09-12,MA
023,Aakash Singh,M.Com,A,2023-07-09,M.Com
024,Neeraj Sharma,M.Com,B,2023-07-30,M.Com
025,Vikas Kumar,MCA,A,2023-07-30,MCA
026,Saurabh Jain,MA,B,2023-08-05,MA
027,Rohit Verma,M.Com,A,2023-08-16,M.Com
028,Mohit Sharma,MA,A,2023-08-15,MA
029,Kunal Gupta,M.Com,C,2023-08-04,M.Com
030,Aditya Singh,M.Com,A,2023-09-21,M.Com
031,Ayush Kumar,M.Com,A,2023-09-20,M.Com
032,Himanshu Verma,M.Com,A,2023-08-01,M.Com
033,Pranav Sharma,MA,B,2023-08-18,MA
034,Rajat Gupta,M.Com,C,2023-09-27,M.Com
035,Shubham Singh,MCA,B,2023-09-26,MCA
036,Tarun Kumar,MCA,A,2023-07-30,MCA
037,Dev Sharma,MA,B,2023-08-21,MA
038,Mandeep Singh,MCA,C,2023-07-28,MCA
039,Navjot Kumar,M.Com,A,2023-08-10,M.Com
040,Gaurav Verma,M.Com,B,2023-09-02,M.Com
041,Simran Kaur,M.Com,A,2023-08-28,M.Com
042,Neha Sharma,MA,A,2023-07-18,MA
043,Priya Gupta,M.Com,C,2023-09-10,M.Com
044,Anjali Singh,MA,B,2023-09-13,MA
045,Pooja Verma,M.Com,B,2023-08-21,M.Com
046,Komal Sharma,MCA,C,2023-07-18,MCA
047,Riya Gupta,MA,A,2023-07-12,MA
048,Muskan Kumar,MCA,C,2023-07-20,MCA
049,Sakshi Jain,MCA,B,2023-09-26,MCA
050,Nisha Singh,M.Com,B,2023-07-09,M.Com
